/*
SQLyog 企业版 - MySQL GUI v8.14 
MySQL - 5.7.20-log : Database - db_teapingjia
*********************************************************************
*/

/*!40101 SET NAMES utf8 */;

/*!40101 SET SQL_MODE=''*/;

/*!40014 SET @OLD_UNIQUE_CHECKS=@@UNIQUE_CHECKS, UNIQUE_CHECKS=0 */;
/*!40014 SET @OLD_FOREIGN_KEY_CHECKS=@@FOREIGN_KEY_CHECKS, FOREIGN_KEY_CHECKS=0 */;
/*!40101 SET @OLD_SQL_MODE=@@SQL_MODE, SQL_MODE='NO_AUTO_VALUE_ON_ZERO' */;
/*!40111 SET @OLD_SQL_NOTES=@@SQL_NOTES, SQL_NOTES=0 */;
CREATE DATABASE /*!32312 IF NOT EXISTS*/`db_teapingjia` /*!40100 DEFAULT CHARACTER SET utf8 */;

USE `db_teapingjia`;

/*Table structure for table `erjizhibiao` */

DROP TABLE IF EXISTS `erjizhibiao`;

CREATE TABLE `erjizhibiao` (
  `erjizhibiao_di` int(11) NOT NULL AUTO_INCREMENT,
  `erjizhibiao_name` varchar(50) DEFAULT NULL,
  `erjizhibiao_neirong` varchar(255) DEFAULT NULL,
  `erjizhibiao_quanzhong` double DEFAULT NULL,
  `erjizhibiao_fenshu` double DEFAULT NULL,
  `yijizhibiao_id` int(11) DEFAULT NULL,
  `del` varchar(50) DEFAULT NULL,
  PRIMARY KEY (`erjizhibiao_di`)
) ENGINE=MyISAM AUTO_INCREMENT=30 DEFAULT CHARSET=utf8;

/*Data for the table `erjizhibiao` */

insert  into `erjizhibiao`(`erjizhibiao_di`,`erjizhibiao_name`,`erjizhibiao_neirong`,`erjizhibiao_quanzhong`,`erjizhibiao_fenshu`,`yijizhibiao_id`,`del`) values (2,'教学内容设计与课件开发能力','课程标准的把握; 学习情景设计; 容量大小合适度; 内容的易接受性; PPT 制作和媒体形式选择						       ',0.2,6,2,'no'),(3,'组织教学的能力','引入、提问、讲授、演示、训练和互动设计; 理论和实践教学的转换与衔接; 小组学习的组织	       ',0.2,6,2,'no'),(4,'教学手段与教学方法运用的能力','口头与书面表达、板书和绘图、多媒体运用的情况; 启发、交流、案例导入、情景教学、电子化辅助教学、模拟仿真等教学方法选用的合理性, 运用的娴熟度; 手段与方法多样性运用						       ',0.2,6,2,'no'),(5,'教学过程控制能力','教学过程控制能力					       ',0.2,6,2,'no'),(6,'有效示范的能力','有效示范的能力						       ',0.1,3,2,'no'),(7,'激励、理解、互动','激励、理解、互动					       ',0.1,3,2,'no'),(8,'问题解决能力','利用网络实现沟通、资料文献搜索、构建网络平台等的能力; 网络使用的深度和娴熟度						       ',0.3,4.5,3,'no'),(9,'网络技术能力','利用网络实现沟通、资料文献搜索、构建网络平台等的能力; 网络使用的深度和娴熟度						       ',0.2,3,3,'no'),(10,'办公软件和教学软件运用能力','计算机基本操作能力; Office、flash 等常用软件的熟练程度; 常见问题和故障的处理能力					       ',0.2,3,3,'no'),(11,'方法技术多样化运用能力 ','关于方法和工具的认识; 方法技术综合运用; 方法运用因地制宜						       ',0.1,1.5,3,'no'),(12,'教学器具运用能力 ','常用教学器具的操作和运用						       ',0.2,3,3,'no'),(13,'基本科研方法研究报告与论文撰写方法的运用','掌握与运用能力掌握课题研究的常识与规范; 文献资料收集整理能力						       ',0.2,3,4,'no'),(14,'立足本专业的科学研究与开发','科学研究意识; 科研合作; 课题申请与立项; 成果社会化		       ',0.2,3,4,'no'),(15,'教学研究能力 ','教学改革理念; 课程开发参与度; 教研项目立项与探索		       ',0.2,3,4,'no'),(16,'专业拓展能力 ','专业知识面横向及纵向拓展, 形成专业化发展的合理结构; 可持续发展能力					       ',0.2,3,4,'no'),(17,'学习与创新能力','终身学习理念; 多路径学习和学习力; 创新意识和发散思维						       ',0.2,3,4,'no'),(19,'沟通与合作能力','				能与同事无障碍交流和理解对方; 善于角色换位和团队合作; 能融入到一个团队并把其\r\n他成员看作平等的合作伙伴; 能以忍耐和尊重对方的态度对待不同意见; 具有冲突化解\r\n能力\r\n		       ',0.2,2,5,'no'),(20,'组织协调能力 ','组织协调能力 		       ',0.2,2,5,'no'),(21,'自信力','自信力						       ',0.2,2,5,'no'),(22,'自我管理与控制能力','自我管理与控制能力						       ',0.2,2,5,'no'),(23,'预防及应变能力','预防及应变能力						       ',0.2,2,5,'no'),(24,'基础性维修、护理能力','基础性维修、护理能力						       ',0.2,6,6,'no'),(25,'工具、量具、器具和设备使用','工具、量具、器具和设备使用						       ',0.2,6,6,'no'),(26,'遵守流程和规范操作','遵守流程和规范操作						       ',0.2,6,6,'no'),(27,'维修信息和资料数据获取 ','维修信息和资料数据获取 						       ',0.2,6,6,'no'),(28,'行业实践和行业标准掌握','行业实践和行业标准掌握		       ',0.1,3,6,'no'),(29,'调研能力行业','调研能力行业						       ',0.1,3,6,'no');

/*Table structure for table `fenshu` */

DROP TABLE IF EXISTS `fenshu`;

CREATE TABLE `fenshu` (
  `fenshu_id` int(11) NOT NULL DEFAULT '0',
  `fenshu_fenshu` double DEFAULT NULL,
  `fenshu_erjizhibiao_id` int(11) DEFAULT NULL,
  `fenshu_teaId` int(11) DEFAULT NULL,
  `fenshu_stuId` int(11) DEFAULT NULL,
  `shijian` varchar(50) DEFAULT NULL,
  PRIMARY KEY (`fenshu_id`)
) ENGINE=MyISAM DEFAULT CHARSET=utf8;

/*Data for the table `fenshu` */

insert  into `fenshu`(`fenshu_id`,`fenshu_fenshu`,`fenshu_erjizhibiao_id`,`fenshu_teaId`,`fenshu_stuId`,`shijian`) values (109,6,2,3,1,'2011-4-15 1:28:34'),(110,6,3,3,1,'2011-4-15 1:28:34'),(111,6,4,3,1,'2011-4-15 1:28:34'),(112,6,5,3,1,'2011-4-15 1:28:34'),(113,3,6,3,1,'2011-4-15 1:28:34'),(114,3,7,3,1,'2011-4-15 1:28:34'),(115,4.5,8,3,1,'2011-4-15 1:28:34'),(116,3,9,3,1,'2011-4-15 1:28:34'),(117,3,10,3,1,'2011-4-15 1:28:34'),(118,1.5,11,3,1,'2011-4-15 1:28:34'),(119,3,12,3,1,'2011-4-15 1:28:34'),(120,3,13,3,1,'2011-4-15 1:28:34'),(121,3,14,3,1,'2011-4-15 1:28:34'),(122,3,15,3,1,'2011-4-15 1:28:34'),(123,3,16,3,1,'2011-4-15 1:28:34'),(124,3,17,3,1,'2011-4-15 1:28:34'),(125,2,19,3,1,'2011-4-15 1:28:34'),(126,2,20,3,1,'2011-4-15 1:28:34'),(127,2,21,3,1,'2011-4-15 1:28:34'),(128,2,22,3,1,'2011-4-15 1:28:34'),(129,2,23,3,1,'2011-4-15 1:28:34'),(130,6,24,3,1,'2011-4-15 1:28:34'),(131,6,25,3,1,'2011-4-15 1:28:34'),(132,6,26,3,1,'2011-4-15 1:28:34'),(133,6,27,3,1,'2011-4-15 1:28:34'),(134,3,28,3,1,'2011-4-15 1:28:34'),(135,1,29,3,1,'2011-4-15 1:28:34'),(136,6,2,1,1,'2011-4-15 1:28:42'),(137,6,3,1,1,'2011-4-15 1:28:42'),(138,6,4,1,1,'2011-4-15 1:28:42'),(139,6,5,1,1,'2011-4-15 1:28:42'),(140,3,6,1,1,'2011-4-15 1:28:42'),(141,3,7,1,1,'2011-4-15 1:28:42'),(142,4.5,8,1,1,'2011-4-15 1:28:42'),(143,3,9,1,1,'2011-4-15 1:28:42'),(144,3,10,1,1,'2011-4-15 1:28:42'),(145,1.5,11,1,1,'2011-4-15 1:28:42'),(146,3,12,1,1,'2011-4-15 1:28:42'),(147,3,13,1,1,'2011-4-15 1:28:42'),(148,3,14,1,1,'2011-4-15 1:28:42'),(149,3,15,1,1,'2011-4-15 1:28:42'),(150,3,16,1,1,'2011-4-15 1:28:42'),(151,3,17,1,1,'2011-4-15 1:28:42'),(152,2,19,1,1,'2011-4-15 1:28:42'),(153,2,20,1,1,'2011-4-15 1:28:42'),(154,2,21,1,1,'2011-4-15 1:28:42'),(155,2,22,1,1,'2011-4-15 1:28:42'),(156,2,23,1,1,'2011-4-15 1:28:42'),(157,6,24,1,1,'2011-4-15 1:28:42'),(158,6,25,1,1,'2011-4-15 1:28:42'),(159,6,26,1,1,'2011-4-15 1:28:42'),(160,6,27,1,1,'2011-4-15 1:28:42'),(161,3,28,1,1,'2011-4-15 1:28:42'),(162,3,29,1,1,'2011-4-15 1:28:42'),(163,6,2,2,2,'2011-4-15 22:49:24'),(164,6,3,2,2,'2011-4-15 22:49:24'),(165,6,4,2,2,'2011-4-15 22:49:24'),(166,6,5,2,2,'2011-4-15 22:49:24'),(167,3,6,2,2,'2011-4-15 22:49:24'),(168,3,7,2,2,'2011-4-15 22:49:24'),(169,4.5,8,2,2,'2011-4-15 22:49:24'),(170,3,9,2,2,'2011-4-15 22:49:24'),(171,3,10,2,2,'2011-4-15 22:49:24'),(172,1.5,11,2,2,'2011-4-15 22:49:24'),(173,3,12,2,2,'2011-4-15 22:49:24'),(174,3,13,2,2,'2011-4-15 22:49:24'),(175,3,14,2,2,'2011-4-15 22:49:24'),(176,3,15,2,2,'2011-4-15 22:49:24'),(177,3,16,2,2,'2011-4-15 22:49:24'),(178,3,17,2,2,'2011-4-15 22:49:24'),(179,2,19,2,2,'2011-4-15 22:49:24'),(180,2,20,2,2,'2011-4-15 22:49:24'),(181,2,21,2,2,'2011-4-15 22:49:24'),(182,2,22,2,2,'2011-4-15 22:49:24'),(183,2,23,2,2,'2011-4-15 22:49:24'),(184,6,24,2,2,'2011-4-15 22:49:24'),(185,6,25,2,2,'2011-4-15 22:49:24'),(186,6,26,2,2,'2011-4-15 22:49:24'),(187,6,27,2,2,'2011-4-15 22:49:24'),(188,3,28,2,2,'2011-4-15 22:49:24'),(189,3,29,2,2,'2011-4-15 22:49:24'),(190,6,2,3,2,'2011-4-15 22:49:37'),(191,6,3,3,2,'2011-4-15 22:49:37'),(192,6,4,3,2,'2011-4-15 22:49:37'),(193,6,5,3,2,'2011-4-15 22:49:37'),(194,3,6,3,2,'2011-4-15 22:49:37'),(195,3,7,3,2,'2011-4-15 22:49:37'),(196,4.5,8,3,2,'2011-4-15 22:49:37'),(197,3,9,3,2,'2011-4-15 22:49:37'),(198,3,10,3,2,'2011-4-15 22:49:37'),(199,1.5,11,3,2,'2011-4-15 22:49:37'),(200,3,12,3,2,'2011-4-15 22:49:37'),(201,3,13,3,2,'2011-4-15 22:49:37'),(202,3,14,3,2,'2011-4-15 22:49:37'),(203,3,15,3,2,'2011-4-15 22:49:37'),(204,3,16,3,2,'2011-4-15 22:49:37'),(205,3,17,3,2,'2011-4-15 22:49:37'),(206,2,19,3,2,'2011-4-15 22:49:37'),(207,2,20,3,2,'2011-4-15 22:49:37'),(208,2,21,3,2,'2011-4-15 22:49:37'),(209,2,22,3,2,'2011-4-15 22:49:37'),(210,2,23,3,2,'2011-4-15 22:49:37'),(211,6,24,3,2,'2011-4-15 22:49:37'),(212,6,25,3,2,'2011-4-15 22:49:37'),(213,6,26,3,2,'2011-4-15 22:49:37'),(214,6,27,3,2,'2011-4-15 22:49:37'),(215,1,28,3,2,'2011-4-15 22:49:37'),(216,10,29,3,2,'2011-4-15 22:49:37'),(217,6,2,3,4,'2012-3-14 1:38:40'),(218,6,3,3,4,'2012-3-14 1:38:40'),(219,6,4,3,4,'2012-3-14 1:38:40'),(220,6,5,3,4,'2012-3-14 1:38:40'),(221,3,6,3,4,'2012-3-14 1:38:40'),(222,3,7,3,4,'2012-3-14 1:38:40'),(223,4.5,8,3,4,'2012-3-14 1:38:40'),(224,3,9,3,4,'2012-3-14 1:38:40'),(225,3,10,3,4,'2012-3-14 1:38:40'),(226,1.5,11,3,4,'2012-3-14 1:38:40'),(227,3,12,3,4,'2012-3-14 1:38:40'),(228,3,13,3,4,'2012-3-14 1:38:40'),(229,3,14,3,4,'2012-3-14 1:38:40'),(230,3,15,3,4,'2012-3-14 1:38:40'),(231,3,16,3,4,'2012-3-14 1:38:40'),(232,3,17,3,4,'2012-3-14 1:38:40'),(233,2,19,3,4,'2012-3-14 1:38:40'),(234,2,20,3,4,'2012-3-14 1:38:40'),(235,2,21,3,4,'2012-3-14 1:38:40'),(236,2,22,3,4,'2012-3-14 1:38:40'),(237,2,23,3,4,'2012-3-14 1:38:40'),(238,6,24,3,4,'2012-3-14 1:38:40'),(239,6,25,3,4,'2012-3-14 1:38:41'),(240,6,26,3,4,'2012-3-14 1:38:41'),(241,6,27,3,4,'2012-3-14 1:38:41'),(242,3,28,3,4,'2012-3-14 1:38:41'),(243,3,29,3,4,'2012-3-14 1:38:41'),(244,6,2,1,4,'2012-3-14 1:42:56'),(245,6,3,1,4,'2012-3-14 1:42:56'),(246,6,4,1,4,'2012-3-14 1:42:56'),(247,6,5,1,4,'2012-3-14 1:42:56'),(248,3,6,1,4,'2012-3-14 1:42:56'),(249,3,7,1,4,'2012-3-14 1:42:56'),(250,4.5,8,1,4,'2012-3-14 1:42:56'),(251,3,9,1,4,'2012-3-14 1:42:56'),(252,3,10,1,4,'2012-3-14 1:42:56'),(253,1.5,11,1,4,'2012-3-14 1:42:56'),(254,3,12,1,4,'2012-3-14 1:42:56'),(255,3,13,1,4,'2012-3-14 1:42:56'),(256,3,14,1,4,'2012-3-14 1:42:56'),(257,3,15,1,4,'2012-3-14 1:42:56'),(258,3,16,1,4,'2012-3-14 1:42:56'),(259,3,17,1,4,'2012-3-14 1:42:56'),(260,2,19,1,4,'2012-3-14 1:42:56'),(261,2,20,1,4,'2012-3-14 1:42:56'),(262,2,21,1,4,'2012-3-14 1:42:56'),(263,2,22,1,4,'2012-3-14 1:42:56'),(264,2,23,1,4,'2012-3-14 1:42:56'),(265,6,24,1,4,'2012-3-14 1:42:56'),(266,6,25,1,4,'2012-3-14 1:42:56'),(267,6,26,1,4,'2012-3-14 1:42:56'),(268,6,27,1,4,'2012-3-14 1:42:56'),(269,3,28,1,4,'2012-3-14 1:42:56'),(270,1,29,1,4,'2012-3-14 1:42:56');

/*Table structure for table `t_admin` */

DROP TABLE IF EXISTS `t_admin`;

CREATE TABLE `t_admin` (
  `userId` int(11) NOT NULL DEFAULT '0',
  `userName` varchar(50) DEFAULT NULL,
  `userPw` varchar(50) DEFAULT NULL,
  PRIMARY KEY (`userId`)
) ENGINE=MyISAM DEFAULT CHARSET=utf8;

/*Data for the table `t_admin` */

insert  into `t_admin`(`userId`,`userName`,`userPw`) values (1,'a','a');

/*Table structure for table `t_stu` */

DROP TABLE IF EXISTS `t_stu`;

CREATE TABLE `t_stu` (
  `stu_id` int(11) NOT NULL AUTO_INCREMENT,
  `stu_xuehao` varchar(50) DEFAULT NULL,
  `stu_realname` varchar(50) DEFAULT NULL,
  `stu_sex` varchar(50) DEFAULT NULL,
  `stu_age` varchar(50) DEFAULT NULL,
  `login_name` varchar(50) DEFAULT NULL,
  `login_pw` varchar(50) DEFAULT NULL,
  `del` varchar(50) DEFAULT NULL,
  PRIMARY KEY (`stu_id`)
) ENGINE=MyISAM AUTO_INCREMENT=5 DEFAULT CHARSET=utf8;

/*Data for the table `t_stu` */

insert  into `t_stu`(`stu_id`,`stu_xuehao`,`stu_realname`,`stu_sex`,`stu_age`,`login_name`,`login_pw`,`del`) values (1,'2012001','张三','男','22','2012001','000000','no'),(2,'2012002','李斯','男','22','2012002','000000','no'),(3,'2012003','王刚','男','33','2012003','000000','no'),(4,'2012004','李强','男','22','2012004','000000','no');

/*Table structure for table `t_tea` */

DROP TABLE IF EXISTS `t_tea`;

CREATE TABLE `t_tea` (
  `tea_id` int(11) NOT NULL AUTO_INCREMENT,
  `tea_bianhao` varchar(50) DEFAULT NULL,
  `tea_realname` varchar(50) DEFAULT NULL,
  `tea_sex` varchar(50) DEFAULT NULL,
  `tea_age` varchar(50) DEFAULT NULL,
  `login_name` varchar(50) DEFAULT NULL,
  `login_pw` varchar(50) DEFAULT NULL,
  `del` varchar(50) DEFAULT NULL,
  PRIMARY KEY (`tea_id`)
) ENGINE=MyISAM AUTO_INCREMENT=4 DEFAULT CHARSET=utf8;

/*Data for the table `t_tea` */

insert  into `t_tea`(`tea_id`,`tea_bianhao`,`tea_realname`,`tea_sex`,`tea_age`,`login_name`,`login_pw`,`del`) values (1,'002','张老师','男','44','zhang','000000','no'),(2,'003','刘老师','男','22','liu','000000','no'),(3,'001','马老师','男','38','ma','000000','no');

/*Table structure for table `yijizhibiao` */

DROP TABLE IF EXISTS `yijizhibiao`;

CREATE TABLE `yijizhibiao` (
  `yijizhibiao_id` int(11) NOT NULL DEFAULT '0',
  `yijizhibiao_name` varchar(50) DEFAULT NULL,
  `yijizhibiao_neirong` varchar(255) DEFAULT NULL,
  `yijizhibiao_quanzhong` double DEFAULT NULL,
  `yijizhibiao_fenshu` double DEFAULT NULL,
  `del` varchar(50) DEFAULT NULL,
  PRIMARY KEY (`yijizhibiao_id`)
) ENGINE=MyISAM DEFAULT CHARSET=utf8;

/*Data for the table `yijizhibiao` */

insert  into `yijizhibiao`(`yijizhibiao_id`,`yijizhibiao_name`,`yijizhibiao_neirong`,`yijizhibiao_quanzhong`,`yijizhibiao_fenshu`,`del`) values (2,'教学传授能力',NULL,0.3,30,'no'),(3,'方法与工具能力',NULL,0.15,15,'no'),(4,'科研与发展能力',NULL,0.15,15,'no'),(5,'社会行为能力',NULL,0.1,10,'no'),(6,'专业实践能力',NULL,0.3,30,'no');

/*!40101 SET SQL_MODE=@OLD_SQL_MODE */;
/*!40014 SET FOREIGN_KEY_CHECKS=@OLD_FOREIGN_KEY_CHECKS */;
/*!40014 SET UNIQUE_CHECKS=@OLD_UNIQUE_CHECKS */;
/*!40111 SET SQL_NOTES=@OLD_SQL_NOTES */;
